event,gasUsed,blockNumber,timestamp,instanceID,sender,receiver,executionCount,price
"InstanceCreated","384932","10","2024-11-09T12:27:20.312Z","1","","","",""
"InstanceCreated","367832","13","2024-11-09T12:27:22.294Z","2","","","",""
"InstanceCreated","347944","15","2024-11-09T12:27:24.306Z","3","","","",""
"InstanceCreated","347944","17","2024-11-09T12:27:26.321Z","4","","","",""
"PurchaseOrder","53102","19","2024-11-09T12:27:28.321Z","4","customer2","retailer2",1,""
"PurchaseOrder","64781","19","2024-11-09T12:27:28.321Z","2","customer1","retailer2",2,""
"PurchaseOrder","53102","21","2024-11-09T12:27:30.323Z","1","customer1","retailer1",3,""
"RestockRequest","111731","21","2024-11-09T12:27:30.323Z","2","retailer2","manufacturer1",2,"100"
"PurchaseOrder","64781","21","2024-11-09T12:27:30.323Z","3","customer2","retailer1",4,""
"ConfirmOrder","38734","23","2024-11-09T12:27:32.329Z","4","retailer2","customer2",1,""
"CancelOrder","32506","23","2024-11-09T12:27:32.329Z","2","customer1","retailer2",2,""
"ConfirmOrder","38734","23","2024-11-09T12:27:32.330Z","1","retailer1","customer1",3,""
"RestockRequest","97894","25","2024-11-09T12:27:34.337Z","3","retailer1","manufacturer1",4,"120"
"ConfirmRestock","31432","27","2024-11-09T12:27:36.848Z","3","manufacturer1","retailer1",4,""
"PurchaseOrder","36002","32","2024-11-09T12:27:41.369Z","4","customer2","retailer2",5,""
"PurchaseOrder","47681","32","2024-11-09T12:27:41.370Z","2","customer1","retailer2",6,""
"PurchaseOrder","53102","32","2024-11-09T12:27:41.370Z","3","customer2","retailer1",7,""
"PurchaseOrder","64781","32","2024-11-09T12:27:41.370Z","1","customer1","retailer1",8,""
"RestockRequest","94631","34","2024-11-09T12:27:43.445Z","2","retailer2","manufacturer1",6,"100"
"ConfirmOrder","38734","34","2024-11-09T12:27:43.445Z","4","retailer2","customer2",5,""
"ConfirmOrder","38734","34","2024-11-09T12:27:43.445Z","3","retailer1","customer2",7,""
"RestockRequest","97894","34","2024-11-09T12:27:43.445Z","1","retailer1","manufacturer1",8,"120"
"CancelOrder","32506","36","2024-11-09T12:27:45.460Z","2","customer1","retailer2",6,""
"CancelOrder","32506","36","2024-11-09T12:27:45.460Z","1","customer1","retailer1",8,""